metric,time_seconds,time_milliseconds
build,387.724171584,387724
start,5.616303912,5616
ready,.136137250,136
stop,1.784222759,1784
total,393.476612746,393476
